name,url
École Polytechnique - Palaiseau,https://www.letudiant.fr/etudes/annuaire-enseignement-superieur/etablissement/etablissement-ecole-polytechnique-7681.html
ENSTA Paris,https://www.letudiant.fr/etudes/annuaire-enseignement-superieur/etablissement/etablissement-ecole-nationale-superieure-de-techniques-avancees-6915.html
IMT Atlantique,https://www.letudiant.fr/etudes/annuaire-enseignement-superieur/etablissement/etablissement-ecole-nationale-superieure-mines-telecom-atlantique-bretagne-pays-de-la-loire-5200.html
CentraleSupélec,https://www.letudiant.fr/etudes/annuaire-enseignement-superieur/etablissement/etablissement-centralesupelec-cursus-ingenieur-supelec-7696.html
École des mines - Nancy,https://www.letudiant.fr/etudes/annuaire-enseignement-superieur/etablissement/etablissement-ecole-nationale-superieure-des-mines-de-nancy-5518.html
Télécom Paris,https://www.letudiant.fr/etudes/annuaire-enseignement-superieur/etablissement/telecom-paris.html
École centrale - Nantes,https://www.letudiant.fr/etudes/annuaire-enseignement-superieur/etablissement/etablissement-ecole-centrale-de-nantes-5166.html
École centrale - Lyon,https://www.letudiant.fr/etudes/annuaire-enseignement-superieur/etablissement/etablissement-ecole-centrale-de-lyon-6367.html
École des Mines Paris - PSL,https://www.letudiant.fr/etudes/annuaire-enseignement-superieur/etablissement/etablissement-ecole-nationale-superieure-des-mines-de-paris-6922.html
École nationale des ponts et chaussées - Marne-la-vallée,https://www.letudiant.fr/etudes/annuaire-enseignement-superieur/etablissement/ecole-nationale-des-ponts-et-chaussees-enpc.html
École des mines - Saint-Étienne,https://www.letudiant.fr/etudes/annuaire-enseignement-superieur/etablissement/etablissement-ecole-nationale-superieure-des-mines-de-saint-etienne-5070.html
Grenoble INP - Ensimag,https://www.letudiant.fr/etudes/annuaire-enseignement-superieur/etablissement/etablissement-ecole-nationale-superieure-d-informatique-et-de-mathematiques-appliquees-4947.html
ENSAE Paris,https://www.letudiant.fr/etudes/annuaire-enseignement-superieur/etablissement/etablissement-ecole-nationale-de-la-statistique-et-de-l-administration-economique-7779.html
INSA Lyon,https://www.letudiant.fr/etudes/annuaire-enseignement-superieur/etablissement/etablissement-institut-national-des-sciences-appliquees-de-lyon-6360.html
ESPCI Paris,https://www.letudiant.fr/etudes/annuaire-enseignement-superieur/etablissement/etablissement-ecole-superieure-de-physique-et-de-chimie-industrielles-de-la-ville-de-paris-6898.html
IMT Nord Europe,https://www.letudiant.fr/etudes/annuaire-enseignement-superieur/etablissement/etablissement-ecole-nationale-superieure-mines-telecom-lille-douai-5797.html
ENSCM - Chimie Montpellier,https://www.letudiant.fr/etudes/annuaire-enseignement-superieur/etablissement/etablissement-ecole-nationale-superieure-de-chimie-de-montpellier-4685.html
ESILV - Paris-La Défense,https://www.letudiant.fr/etudes/annuaire-enseignement-superieur/etablissement/etablissement-ecole-superieure-d-ingenieurs-leonard-de-vinci-7776.html
Grenoble INP - Phelma,https://www.letudiant.fr/etudes/annuaire-enseignement-superieur/etablissement/etablissement-ecole-nationale-superieure-de-physique-electronique-materiaux-4946.html
ENSTA Bretagne - Brest,https://www.letudiant.fr/etudes/annuaire-enseignement-superieur/etablissement/etablissement-ecole-nationale-superieure-de-techniques-avancees-bretagne-4306.html
ECPM - Strasbourg,https://www.letudiant.fr/etudes/annuaire-enseignement-superieur/etablissement/etablissement-ecole-europeenne-de-chimie-polymeres-et-materiaux-de-strasbourg-6168.html
ISAE-SUPAERO - Toulouse,https://www.letudiant.fr/etudes/annuaire-enseignement-superieur/etablissement/etablissement-institut-superieur-de-l-aeronautique-et-de-l-espace-4438.html
Polytech Nice Sophia,https://www.letudiant.fr/etudes/annuaire-enseignement-superieur/etablissement/etablissement-ecole-polytechnique-de-l-universite-nice-sophia-antipolis-3586.html
ENSEEIHT - INP Toulouse,https://www.letudiant.fr/etudes/annuaire-enseignement-superieur/etablissement/etablissement-ecole-nationale-superieure-d-electrotechnique-d-electronique-d-informatique-d-hydr-4492.html
ESIEE Paris - Marne-la-Vallée,https://www.letudiant.fr/etudes/annuaire-enseignement-superieur/etablissement/etablissement-esiee-paris-7878.html
École centrale - Lille,https://www.letudiant.fr/etudes/annuaire-enseignement-superieur/etablissement/etablissement-ecole-centrale-de-lille-5833.html
Télécom SudParis - Evry,https://www.letudiant.fr/etudes/annuaire-enseignement-superieur/etablissement/etablissement-telecom-sudparis-7688.html
École centrale - Méditerranée,https://www.letudiant.fr/etudes/annuaire-enseignement-superieur/etablissement/etablissement-ecole-centrale-de-marseille-3783.html
UTC - Compiègne,https://www.letudiant.fr/etudes/annuaire-enseignement-superieur/etablissement/etablissement-universite-de-technologie-de-compiegne-5895.html
Efrei Paris,https://www.letudiant.fr/etudes/annuaire-enseignement-superieur/etablissement/etablissement-efreitech-l-academie-du-numerique-81886.html
INSA Toulouse,https://www.letudiant.fr/etudes/annuaire-enseignement-superieur/etablissement/etablissement-institut-national-des-sciences-appliquees-de-toulouse-4434.html
Arts et Métiers Sciences et Technologies,https://www.letudiant.fr/etudes/annuaire-enseignement-superieur/etablissement/etablissement-arts-et-metiers-campus-de-paris-6842.html
Grenoble INP - Ense³,https://www.letudiant.fr/etudes/annuaire-enseignement-superieur/etablissement/etablissement-ecole-nationale-superieure-de-l-energie-l-eau-et-l-environnement-4953.html
Grenoble INP - Génie industriel,https://www.letudiant.fr/etudes/annuaire-enseignement-superieur/etablissement/etablissement-ecole-nationale-superieure-de-genie-industriel-4943.html
IMT Mines Alès,https://www.letudiant.fr/etudes/annuaire-enseignement-superieur/etablissement/etablissement-ecole-nationale-superieure-des-mines-d-ales-4353.html
UTT - Troyes,https://www.letudiant.fr/etudes/annuaire-enseignement-superieur/etablissement/etablissement-universite-de-technologie-de-troyes-3692.html
INP Bordeaux- ENSEIRB - MATMECA,https://www.letudiant.fr/etudes/annuaire-enseignement-superieur/etablissement/etablissement-ecole-nationale-superieure-d-electronique-informatique-telecommunications-mathemat-4577.html
IMT Mines Albi,https://www.letudiant.fr/etudes/annuaire-enseignement-superieur/etablissement/etablissement-ecole-nationale-superieure-des-mines-d-albi-carmaux-7409.html
ENTPE - Lyon,https://www.letudiant.fr/etudes/annuaire-enseignement-superieur/etablissement/etablissement-ecole-nationale-des-travaux-publics-de-l-etat-6373.html
ESIEA - Paris - Laval,https://www.letudiant.fr/etudes/annuaire-enseignement-superieur/etablissement/esiea-campus-divry-sur-seine.html
ENSCL - Chimie Lille,https://www.letudiant.fr/etudes/annuaire-enseignement-superieur/etablissement/etablissement-ecole-nationale-superieure-de-chimie-de-lille-5802.html
ENSCP - Chimie ParisTech,https://www.letudiant.fr/etudes/annuaire-enseignement-superieur/etablissement/etablissement-chimie-paristech-6897.html
INSA Rennes,https://www.letudiant.fr/etudes/annuaire-enseignement-superieur/etablissement/etablissement-institut-national-des-sciences-appliquees-de-rennes-4803.html
ECE - Paris - Lyon - Bordeaux,https://www.letudiant.fr/etudes/annuaire-enseignement-superieur/etablissement/etablissement-ece-paris-6870.html
Polytech Montpellier,https://www.letudiant.fr/etudes/annuaire-enseignement-superieur/etablissement/etablissement-ecole-polytechnique-universitaire-de-montpellier-4703.html
ENSEM - INP Lorraine,https://www.letudiant.fr/etudes/annuaire-enseignement-superieur/etablissement/etablissement-ecole-nationale-superieure-d-electricite-et-de-mecanique-5516.html
INSA Rouen,https://www.letudiant.fr/etudes/annuaire-enseignement-superieur/etablissement/etablissement-institut-national-des-sciences-appliquees-de-rouen-normandie-7144.html
Polytech Paris-Saclay,https://www.letudiant.fr/etudes/annuaire-enseignement-superieur/etablissement/etablissement-ecole-polytechnique-universitaire-de-l-universite-paris-sud-7685.html
Télécom Physique Strasbourg,https://www.letudiant.fr/etudes/annuaire-enseignement-superieur/etablissement/etablissement-telecom-physique-strasbourg-6162.html
UTBM - Belfort-Montbéliard,https://www.letudiant.fr/etudes/annuaire-enseignement-superieur/etablissement/etablissement-universite-de-technologie-de-belfort-montbeliard-7650.html
AgroParisTech,https://www.letudiant.fr/etudes/annuaire-enseignement-superieur/etablissement/etablissement-agroparistech-6828.html
ENSIC - INP Lorraine,https://www.letudiant.fr/etudes/annuaire-enseignement-superieur/etablissement/etablissement-ecole-nationale-superieure-des-industries-chimiques-de-nancy-5519.html
Télécom Nancy,https://www.letudiant.fr/etudes/annuaire-enseignement-superieur/etablissement/etablissement-telecom-nancy-5495.html
EIVP - Paris,https://www.letudiant.fr/etudes/annuaire-enseignement-superieur/etablissement/etablissement-ecole-des-ingenieurs-de-la-ville-de-paris-6941.html
ENSIIE - Évry,https://www.letudiant.fr/etudes/annuaire-enseignement-superieur/etablissement/etablissement-ecole-nationale-superieure-d-informatique-pour-l-industrie-et-l-entreprise-7695.html
ICAM,https://www.letudiant.fr/etudes/annuaire-enseignement-superieur/etablissement/etablissement-institut-catholique-d-arts-et-metiers-5798.html
ENSIACET - INP Toulouse,https://www.letudiant.fr/etudes/annuaire-enseignement-superieur/etablissement/etablissement-ecole-nationale-superieure-des-ingenieurs-en-arts-chimiques-et-technologiques-4490.html
INSA Hauts-de-France,https://www.letudiant.fr/etudes/annuaire-enseignement-superieur/etablissement/institut-national-des-sciences-appliquees-hauts-de-france.html
Télécom Saint-Étienne,https://www.letudiant.fr/etudes/annuaire-enseignement-superieur/etablissement/etablissement-telecom-saint-etienne-5065.html
ESBS,https://www.letudiant.fr/etudes/annuaire-enseignement-superieur/etablissement/etablissement-ecole-superieure-de-biotechnologie-de-strasbourg-6161.html
ISAE-ENSMA - Poitiers,https://www.letudiant.fr/etudes/annuaire-enseignement-superieur/etablissement/etablissement-ecole-nationale-superieure-de-mecanique-et-d-aerotechnique-7544.html
EEIGM - INP Lorraine,https://www.letudiant.fr/etudes/annuaire-enseignement-superieur/etablissement/etablissement-ecole-europeenne-d-ingenieurs-en-genie-des-materiaux-5529.html
ENSCMu - Chimie Mulhouse,https://www.letudiant.fr/etudes/annuaire-enseignement-superieur/etablissement/etablissement-ecole-nationale-superieure-de-chimie-de-mulhouse-6232.html
CESI École d'ingénieurs,https://www.letudiant.fr/etudes/annuaire-enseignement-superieur/etablissement/etablissement-ecole-d-ingenieurs-du-cesi-centre-d-orleans-81390.html
ENGEES - Strasbourg,https://www.letudiant.fr/etudes/annuaire-enseignement-superieur/etablissement/etablissement-ecole-nationale-du-genie-de-l-eau-et-de-l-environnement-de-strasbourg-6174.html
INSA Strasbourg,https://www.letudiant.fr/etudes/annuaire-enseignement-superieur/etablissement/etablissement-institut-national-des-sciences-appliquees-de-strasbourg-6195.html
CPE - Lyon,https://www.letudiant.fr/etudes/annuaire-enseignement-superieur/etablissement/etablissement-ecole-superieure-de-chimie-physique-electronique-de-lyon-6366.html
EIDD - Paris,https://www.letudiant.fr/etudes/annuaire-enseignement-superieur/etablissement/etablissement-ecole-d-ingenieurs-denis-diderot-de-l-universite-paris-7-78848.html
ESTP,https://www.letudiant.fr/etudes/annuaire-enseignement-superieur/etablissement/etablissement-ecole-speciale-des-travaux-publics-du-batiment-et-de-l-industrie-82803.html
Institut Agro Montpellier,https://www.letudiant.fr/etudes/annuaire-enseignement-superieur/etablissement/etablissement-montpellier-supagro-4710.html
ITEEM (Centrale Lille),https://www.letudiant.fr/etudes/annuaire-enseignement-superieur/etablissement/etablissement-iteem-5870.html
Polytech Grenoble,https://www.letudiant.fr/etudes/annuaire-enseignement-superieur/etablissement/etablissement-ecole-polytechnique-de-l-universite-grenoble-alpes-4965.html
Grenoble INP - Pagora,https://www.letudiant.fr/etudes/annuaire-enseignement-superieur/etablissement/etablissement-ecole-internationale-du-papier-de-la-communication-imprimee-et-des-biomateriaux-4960.html
Polytech Marseille,https://www.letudiant.fr/etudes/annuaire-enseignement-superieur/etablissement/etablissement-ecole-polytechnique-universitaire-de-marseille-3865.html
EPITA - Kremlin-Bicêtre,https://www.letudiant.fr/etudes/annuaire-enseignement-superieur/etablissement/ia-institut-by-epita-and-isg.html
3iL ingénieurs,https://www.letudiant.fr/etudes/annuaire-enseignement-superieur/etablissement/etablissement-institut-d-ingenierie-informatique-de-limoges-7591.html
ENSGSI - INP Lorraine,https://www.letudiant.fr/etudes/annuaire-enseignement-superieur/etablissement/etablissement-ecole-nationale-superieure-en-genie-des-systemes-et-de-l-innovation-5515.html
Sigma Clermont,https://www.letudiant.fr/etudes/annuaire-enseignement-superieur/etablissement/etablissement-sigma-clermont-6031.html
Builders École d’ingénieurs,https://www.letudiant.fr/etudes/annuaire-enseignement-superieur/etablissement/etablissement-ecole-superieure-d-ingenieurs-des-travaux-de-la-construction-de-caen-3933.html
ENSAI - Rennes,https://www.letudiant.fr/etudes/annuaire-enseignement-superieur/etablissement/etablissement-ecole-nationale-de-la-statistique-et-de-l-analyse-de-l-information-4787.html
ENSCR - Chimie Rennes,https://www.letudiant.fr/etudes/annuaire-enseignement-superieur/etablissement/etablissement-ecole-nationale-superieure-de-chimie-de-rennes-4790.html
Grenoble INP - Esisar,https://www.letudiant.fr/etudes/annuaire-enseignement-superieur/etablissement/etablissement-ecole-nationale-superieure-en-systemes-avances-et-reseaux-4220.html
ENSG Nancy - INP Lorraine,https://www.letudiant.fr/etudes/annuaire-enseignement-superieur/etablissement/etablissement-ecole-nationale-superieure-de-geologie-5517.html
ENSISA - Mulhouse,https://www.letudiant.fr/etudes/annuaire-enseignement-superieur/etablissement/etablissement-ecole-nationale-superieure-d-ingenieurs-sud-alsace-6216.html
IPSA - Ivry-sur-Seine,https://www.letudiant.fr/etudes/annuaire-enseignement-superieur/etablissement/etablissement-institut-polytechnique-des-sciences-avancees-80219.html
Polytech Lille,https://www.letudiant.fr/etudes/annuaire-enseignement-superieur/etablissement/etablissement-ecole-polytechnique-universitaire-de-lille-5859.html
ENSEA - Cergy-Pontoise,https://www.letudiant.fr/etudes/annuaire-enseignement-superieur/etablissement/etablissement-ecole-nationale-superieure-de-l-electronique-et-de-ses-applications-7989.html
ENSIBS - Lorient,https://www.letudiant.fr/etudes/annuaire-enseignement-superieur/etablissement/etablissement-ecole-nationale-superieure-d-ingenieurs-de-bretagne-sud-73832.html
ESME - Ivry-sur-Seine,https://www.letudiant.fr/etudes/annuaire-enseignement-superieur/etablissement/etablissement-esme-sudria-campus-de-lyon-82255.html
ESTACA,https://www.letudiant.fr/etudes/annuaire-enseignement-superieur/etablissement/etablissement-ecole-superieure-des-techniques-aeronautiques-et-de-construction-automobile-campus-9773.html
ISIMA - Clermont-Ferrand,https://www.letudiant.fr/etudes/annuaire-enseignement-superieur/etablissement/etablissement-institut-d-informatique-d-auvergne-6020.html
EIL Côte d'Opale,https://www.letudiant.fr/etudes/annuaire-enseignement-superieur/etablissement/etablissement-ecole-d-ingenieurs-du-littoral-cote-d-opale-5976.html
CY Tech,https://www.letudiant.fr/etudes/annuaire-enseignement-superieur/etablissement/cy-tech-grande-ecole-de-sciences-dingenierie-deconomie-et-de-gestion-campus-de-pau.html
ESEO Angers – Paris-Vélizy – Dijon,https://www.letudiant.fr/etudes/annuaire-enseignement-superieur/etablissement/etablissement-eseo-grande-ecole-d-ingenieurs-generalistes-5331.html
INP Bordeaux - ENSMAC,https://www.letudiant.fr/etudes/annuaire-enseignement-superieur/etablissement/etablissement-ecole-nationale-superieure-de-chimie-de-biologie-et-de-physique-4591.html
Polytech Lyon,https://www.letudiant.fr/etudes/annuaire-enseignement-superieur/etablissement/etablissement-ecole-polytechnique-universitaire-de-l-universite-lyon-1-6365.html
ENSG - Marne-la-Vallée,https://www.letudiant.fr/etudes/annuaire-enseignement-superieur/etablissement/etablissement-ecole-nationale-des-sciences-geographiques-7249.html
EPISEN,https://www.letudiant.fr/etudes/annuaire-enseignement-superieur/etablissement/etablissement-ecole-superieure-d-ingenieurs-de-paris-est-creteil-8422.html
ESTIA - Bidart,https://www.letudiant.fr/etudes/annuaire-enseignement-superieur/etablissement/etablissement-ecole-superieure-des-technologies-industrielles-avancees-6064.html
Institut Agro Rennes-Angers,https://www.letudiant.fr/etudes/annuaire-enseignement-superieur/etablissement/etablissement-agrocampus-ouest-centre-de-rennes-4781.html
ECAM LaSalle,https://www.letudiant.fr/etudes/annuaire-enseignement-superieur/etablissement/etablissement-ecam-lyon-6384.html
IG2I (Centrale Lille),https://www.letudiant.fr/etudes/annuaire-enseignement-superieur/etablissement/etablissement-institut-de-genie-informatique-et-industriel-5932.html
Polytech Clermont,https://www.letudiant.fr/etudes/annuaire-enseignement-superieur/etablissement/etablissement-ecole-polytechnique-de-l-universite-clermont-auvergne-collegium-technologies-scien-6019.html
Polytech Nancy,https://www.letudiant.fr/etudes/annuaire-enseignement-superieur/etablissement/etablissement-ecole-polytechnique-universitaire-de-nancy-5509.html
ISEP - Paris,https://www.letudiant.fr/etudes/annuaire-enseignement-superieur/etablissement/etablissement-institut-superieur-d-electronique-de-paris-ecole-d-ingenieurs-du-numerique-6948.html
Polytech Nantes,https://www.letudiant.fr/etudes/annuaire-enseignement-superieur/etablissement/etablissement-ecole-polytechnique-de-l-universite-de-nantes-5206.html
ENSAIT - Roubaix,https://www.letudiant.fr/etudes/annuaire-enseignement-superieur/etablissement/etablissement-ecole-nationale-superieure-des-arts-et-industries-textiles-5737.html
ENSICAEN,https://www.letudiant.fr/etudes/annuaire-enseignement-superieur/etablissement/etablissement-ecole-nationale-superieure-d-ingenieurs-de-caen-3919.html
EOST - Strasbourg,https://www.letudiant.fr/etudes/annuaire-enseignement-superieur/etablissement/etablissement-ecole-et-observatoire-des-sciences-de-la-terre-6173.html
INSA Centre Val de Loire,https://www.letudiant.fr/etudes/annuaire-enseignement-superieur/etablissement/institut-national-des-sciences-appliquees-centre-val-de-loire-blois.html
Polytech Tours,https://www.letudiant.fr/etudes/annuaire-enseignement-superieur/etablissement/etablissement-ecole-polytechnique-de-l-universite-de-tours-4883.html
Sup Galilée - Villetaneuse,https://www.letudiant.fr/etudes/annuaire-enseignement-superieur/etablissement/etablissement-institut-galilee-7871.html
ENAC - Toulouse,https://www.letudiant.fr/etudes/annuaire-enseignement-superieur/etablissement/etablissement-ecole-nationale-de-l-aviation-civile-4440.html
ENI - Metz,https://www.letudiant.fr/etudes/annuaire-enseignement-superieur/etablissement/eni-ecole-informatique-campus-de-niort.html
ENI - Saint-Étienne,https://www.letudiant.fr/etudes/annuaire-enseignement-superieur/etablissement/etablissement-ecole-nationale-d-ingenieurs-de-saint-etienne-5071.html
ENSAIA - INP Lorraine,https://www.letudiant.fr/etudes/annuaire-enseignement-superieur/etablissement/etablissement-ecole-nationale-superieure-d-agronomie-et-des-industries-alimentaires-de-nancy-5537.html
ESIGELEC - Rouen,https://www.letudiant.fr/etudes/annuaire-enseignement-superieur/etablissement/etablissement-ecole-superieure-d-ingenieurs-en-genie-electrique-7156.html
ENSGTI - Pau,https://www.letudiant.fr/etudes/annuaire-enseignement-superieur/etablissement/etablissement-ecole-nationale-superieure-en-genie-des-technologies-industrielles-6065.html
ISEN Lille,https://www.letudiant.fr/etudes/annuaire-enseignement-superieur/etablissement/etablissement-institut-superieur-de-l-electronique-et-du-numerique-de-lille-5744.html
ENSAT - INP Toulouse,https://www.letudiant.fr/etudes/annuaire-enseignement-superieur/etablissement/etablissement-ecole-nationale-superieure-agronomique-de-toulouse-4452.html
UniLaSalle,https://www.letudiant.fr/etudes/annuaire-enseignement-superieur/etablissement/etablissement-ecole-superieure-d-ingenieurs-en-electronique-et-electrotechnique-d-amiens-7382.html
Polytech Orléans,https://www.letudiant.fr/etudes/annuaire-enseignement-superieur/etablissement/etablissement-ecole-polytechnique-de-l-universite-d-orleans-5245.html
EPF - Cachan - Troyes - Montpellier,https://www.letudiant.fr/etudes/annuaire-enseignement-superieur/etablissement/epf-ecole-dingenieurs-troyes.html
Supmicrotech-ENSMM,https://www.letudiant.fr/etudes/annuaire-enseignement-superieur/etablissement/etablissement-ecole-nationale-superieure-de-mecanique-et-des-microtechniques-4191.html
ESIX Normandie,https://www.letudiant.fr/etudes/annuaire-enseignement-superieur/etablissement/etablissement-ecole-superieure-d-ingenieurs-de-l-universite-de-caen-normandie-8340.html
ISAE Supméca - Saint-Ouen,https://www.letudiant.fr/etudes/annuaire-enseignement-superieur/etablissement/etablissement-institut-superieur-de-mecanique-de-paris-7867.html
INP Bordeaux - ENSTBB,https://www.letudiant.fr/etudes/annuaire-enseignement-superieur/etablissement/etablissement-ecole-nationale-superieure-de-technologie-des-biomolecules-de-bordeaux-4567.html
EIGSI - La Rochelle,https://www.letudiant.fr/etudes/annuaire-enseignement-superieur/etablissement/etablissement-ecole-d-ingenieurs-eigsi-la-rochelle-3995.html
ENSIP - Poitiers,https://www.letudiant.fr/etudes/annuaire-enseignement-superieur/etablissement/etablissement-ecole-nationale-superieure-d-ingenieurs-de-poitiers-7532.html
ESIREM - Dijon,https://www.letudiant.fr/etudes/annuaire-enseignement-superieur/etablissement/etablissement-ecole-superieure-d-ingenieurs-en-materiaux-et-informatique-electronique-4101.html
ISEN - Marseille - Toulon (Yncréa Méditerranée),https://www.letudiant.fr/etudes/annuaire-enseignement-superieur/etablissement/etablissement-institut-superieur-de-l-electronique-et-du-numerique-de-marseille-83084.html
EBI - Cergy-Pontoise,https://www.letudiant.fr/etudes/annuaire-enseignement-superieur/etablissement/etablissement-ecole-de-biologie-industrielle-7983.html
ENSIL-ENSCI - Limoges,https://www.letudiant.fr/etudes/annuaire-enseignement-superieur/etablissement/etablissement-ensil-ensci-7592.html
ONIRIS - Nantes,https://www.letudiant.fr/etudes/annuaire-enseignement-superieur/etablissement/etablissement-ecole-nationale-veterinaire-agroalimentaire-et-de-l-alimentation-nantes-atlantique-5171.html
ESIR - Rennes,https://www.letudiant.fr/etudes/annuaire-enseignement-superieur/etablissement/etablissement-ecole-superieure-d-ingenieurs-de-rennes-78153.html
Institut Agro Dijon,https://www.letudiant.fr/etudes/annuaire-enseignement-superieur/etablissement/etablissement-institut-national-superieur-des-sciences-agronomiques-de-l-alimentation-et-de-l-en-4105.html
Polytech Angers,https://www.letudiant.fr/etudes/annuaire-enseignement-superieur/etablissement/etablissement-istia-ecole-d-ingenieurs-de-l-universite-d-angers-8929.html
ENI - Brest,https://www.letudiant.fr/etudes/annuaire-enseignement-superieur/etablissement/etablissement-ecole-nationale-d-ingenieurs-de-brest-4319.html
ISEN Brest - Rennes - Nantes - Caen (Yncréa Ouest),https://www.letudiant.fr/etudes/annuaire-enseignement-superieur/etablissement/etablissement-institut-superieur-de-l-electronique-et-du-numerique-de-brest-4303.html
Seatech,https://www.letudiant.fr/etudes/annuaire-enseignement-superieur/etablissement/etablissement-ecole-d-ingenieurs-de-l-universite-de-toulon-7452.html
UPSSITECH,https://www.letudiant.fr/etudes/annuaire-enseignement-superieur/etablissement/etablissement-upssitech-departement-de-la-faculte-des-sciences-et-d-ingenierie-80348.html
ISAT - Nevers,https://www.letudiant.fr/etudes/annuaire-enseignement-superieur/etablissement/etablissement-institut-superieur-de-l-automobile-et-des-transports-5654.html
Polytech Annecy-Chambéry,https://www.letudiant.fr/etudes/annuaire-enseignement-superieur/etablissement/etablissement-ecole-polytechnique-universitaire-d-annecy-chambery-6579.html
EI.CNAM,https://www.letudiant.fr/etudes/annuaire-enseignement-superieur/etablissement/etablissement-ecole-d-ingenieurs-du-cnam-79871.html
ESIAB - Brest,https://www.letudiant.fr/etudes/annuaire-enseignement-superieur/etablissement/etablissement-ecole-superieure-d-ingenieurs-en-agroalimentaire-de-bretagne-atlantique-4304.html
Sup'EnR,https://www.letudiant.fr/etudes/annuaire-enseignement-superieur/etablissement/etablissement-ecole-d-ingenieurs-en-energies-renouvelables-82406.html
ESA - Angers,https://www.letudiant.fr/etudes/annuaire-enseignement-superieur/etablissement/etablissement-ecole-superieure-d-agricultures-5332.html
Bordeaux Sciences Agro,https://www.letudiant.fr/etudes/annuaire-enseignement-superieur/etablissement/etablissement-bordeaux-sciences-agro-4590.html
ENSEGID,https://www.letudiant.fr/etudes/annuaire-enseignement-superieur/etablissement/etablissement-ecole-nationale-superieure-en-environnement-georessources-et-ingenierie-du-develo-79530.html
ESIROI - La Réunion,https://www.letudiant.fr/etudes/annuaire-enseignement-superieur/etablissement/etablissement-ecole-superieure-d-ingenieurs-reunion-ocean-indien-72440.html
ENSTIB - Épinal,https://www.letudiant.fr/etudes/annuaire-enseignement-superieur/etablissement/etablissement-ecole-nationale-superieure-des-technologies-et-industries-du-bois-7621.html
INP Bordeaux - ENSC,https://www.letudiant.fr/etudes/annuaire-enseignement-superieur/etablissement/etablissement-ecole-nationale-superieure-de-cognitique-8259.html
ESIREIMS,https://www.letudiant.fr/etudes/annuaire-enseignement-superieur/etablissement/etablissement-ecole-superieure-d-ingenieurs-de-reims-5446.html
ENSSAT - Lannion,https://www.letudiant.fr/etudes/annuaire-enseignement-superieur/etablissement/etablissement-ecole-nationale-superieure-des-sciences-appliquees-et-de-technologie-4127.html
EsiTech,https://www.letudiant.fr/etudes/annuaire-enseignement-superieur/etablissement/etablissement-ecole-superieure-d-ingenieurs-en-technologies-innovantes-81952.html
ISIFC - Besançon,https://www.letudiant.fr/etudes/annuaire-enseignement-superieur/etablissement/etablissement-institut-superieur-d-ingenieurs-de-franche-comte-4197.html
Sup'Biotech Villejuif,https://www.letudiant.fr/etudes/annuaire-enseignement-superieur/etablissement/etablissement-l-ecole-des-experts-en-biotechnologies-69841.html
VetAgro Sup,https://www.letudiant.fr/etudes/annuaire-enseignement-superieur/etablissement/etablissement-institut-d-enseignement-superieur-et-de-recherche-en-alimentation-sante-animale-sc-6016.html
ISEL - Le Havre,https://www.letudiant.fr/etudes/annuaire-enseignement-superieur/etablissement/etablissement-institut-superieur-d-etudes-logistiques-7132.html
ESAIP LaSalle - Angers,https://www.letudiant.fr/etudes/annuaire-enseignement-superieur/etablissement/etablissement-esaip-ecole-d-ingenieurs-79369.html
Paoli Tech,https://www.letudiant.fr/etudes/annuaire-enseignement-superieur/etablissement/etablissement-ecole-d-ingenieurs-paoli-tech-79677.html
ECAM-EPMI - Cergy-Pontoise,https://www.letudiant.fr/etudes/annuaire-enseignement-superieur/etablissement/etablissement-ecam-epmi-7982.html
ESCOM - Compiègne,https://www.letudiant.fr/etudes/annuaire-enseignement-superieur/etablissement/etablissement-ecole-superieure-de-commerce-de-communication-et-de-gestion-3557.html
École supérieure du bois - Nantes,https://www.letudiant.fr/etudes/annuaire-enseignement-superieur/etablissement/etablissement-ecole-superieure-du-bois-5202.html
ENSPIMA,https://www.letudiant.fr/etudes/annuaire-enseignement-superieur/etablissement/ecole-nationale-superieure-pour-la-performance-industrielle-et-la-maintenance-aeronautique.html
ECAM Rennes - Louis de Broglie,https://www.letudiant.fr/etudes/annuaire-enseignement-superieur/etablissement/etablissement-ecam-rennes-louis-de-broglie-4786.html
ESITC – Paris,https://www.letudiant.fr/etudes/annuaire-enseignement-superieur/etablissement/etablissement-ecole-superieure-d-ingenieurs-des-travaux-de-la-construction-de-paris-7949.html
ELISA Aerospace,https://www.letudiant.fr/etudes/annuaire-enseignement-superieur/etablissement/etablissement-ecole-d-ingenieurs-des-sciences-aerospatiales-78137.html
SupOptique - Palaiseau,https://www.letudiant.fr/etudes/annuaire-enseignement-superieur/etablissement/etablissement-institut-d-optique-graduate-school-7684.html
Polytech Sorbonne,https://www.letudiant.fr/etudes/annuaire-enseignement-superieur/etablissement/etablissement-ecole-polytechnique-universitaire-pierre-et-marie-curie-6937.html
